id;name;phenomenon_time;result;result_time;description;interval_time;type;unit_of_measurement;reserve
1;optimize invoice Small;2020-02-26T08:31:44;Soft;2020-02-26T01:38:37;Borders Latvian Lats Liechtenstein;32820;cyan;impactful modular;Computers Home Loan Account
2;Colombian Peso Unidad de Valor Real Gorgeous Frozen Hat;2020-02-26T04:17:52;leading-edge Florida;2020-02-25T14:04:18;bricks-and-clicks Executive mesh;82216;secured line;Monitored Decentralized ability;Investment Account
3;drive methodology;2020-02-26T07:37:40;invoice SMTP;2020-02-25T18:40:38;empowering;50550;Dynamic COM Ports;GB;Gibraltar Berkshire
4;transmitting;2020-02-26T04:05:16;Cove;2020-02-26T03:31:17;Mount Human whiteboard;65296;compressing Analyst;intangible Avon Assurance;Integration
5;Awesome Outdoors one-to-one;2020-02-26T01:47:07;Mission solid state XML;2020-02-25T21:00:09;harness;30459;white Pre-emptive lavender;B2B Plastic Human;Hill Hawaii programming
6;stable;2020-02-26T03:49:12;virtual;2020-02-25T15:34:27;Berkshire Strategist Credit Card Account;73779;Dynamic;application;New Jersey
7;Platinum holistic;2020-02-26T07:58:17;azure;2020-02-25T22:28:52;Ergonomic reintermediate Fantastic;2554;system deposit;feed;Auto Loan Account Jewelery
8;Table Lithuania program;2020-02-25T15:03:27;evolve SDR Bedfordshire;2020-02-25T15:19:21;Grocery software deposit;10006;Generic Soft Mouse;Yemen Northern Mariana Islands Afghanistan;HDD override
9;Concrete;2020-02-26T05:02:48;payment Indian Rupee Ngultrum;2020-02-26T00:43:51;Parks Shirt;58627;bandwidth;Concrete Brazilian Real;Intranet networks PCI
10;fuchsia Response;2020-02-26T04:45:37;compress Cotton Papua New Guinea;2020-02-26T07:48:05;Checking Account Health Unbranded;36298;redundant Pizza context-sensitive;Personal Loan Account Moroccan Dirham hacking;index Unbranded bus
